{"stats":{"minecraft:broken":{"minecraft:stone_sword":1,"minecraft:stone_axe":1},"minecraft:mined":{"minecraft:white_bed":2,"minecraft:red_bed":1,"minecraft:crafting_table":3,"minecraft:cornflower":1,"gravestone:gravestone":4,"plushie_buddies:plushie_frog":1,"minecraft:grass_block":5,"minecraft:poppy":1,"minecraft:furnace":2,"minecraft:lilac":1,"minecraft:birch_leaves":1,"minecraft:grass":12,"minecraft:oak_log":178,"minecraft:dirt":14,"minecraft:stone":10,"minecraft:oak_leaves":35},"minecraft:picked_up":{"minecraft:crafting_table":3,"minecraft:feather":3,"minecraft:chicken":6,"minecraft:andesite":1,"minecraft:leather":4,"plushie_buddies:plushie_frog":1,"minecraft:oak_log":181,"minecraft:string":1,"minecraft:cornflower":1,"minecraft:dirt":60,"minecraft:red_bed":1,"minecraft:raw_copper":3,"minecraft:bone":2,"minecraft:apple":2,"minecraft:beef":4,"minecraft:poppy":2,"minecraft:oak_planks":3,"minecraft:furnace":2,"minecraft:egg":1,"minecraft:stick":9,"minecraft:dandelion":2,"minecraft:porkchop":12,"minecraft:white_bed":2,"minecraft:rotten_flesh":3,"minecraft:oak_sapling":12,"minecraft:mutton":6,"minecraft:white_wool":4,"minecraft:cobblestone":22},"minecraft:killed":{"minecraft:pig":6,"minecraft:spider":1,"minecraft:sheep":4,"minecraft:skeleton":1,"minecraft:zombie":2,"minecraft:chicken":6,"minecraft:cow":2},"minecraft:dropped":{"minecraft:rotten_flesh":3,"minecraft:poppy":1,"minecraft:dirt":4,"plushie_buddies:plushie_frog":1,"minecraft:andesite":1,"gravestone:obituary":5,"minecraft:dandelion":2},"minecraft:killed_by":{"man:managgresive":3,"minecraft:player":1,"minecraft:creeper":1},"minecraft:custom":{"minecraft:interact_with_furnace":17,"minecraft:mob_kills":22,"minecraft:interact_with_crafting_table":16,"minecraft:leave_game":1,"minecraft:time_since_death":46262,"minecraft:time_since_rest":46313,"minecraft:sprint_one_cm":188551,"minecraft:damage_taken":2314,"minecraft:walk_one_cm":102543,"minecraft:drop":15,"minecraft:damage_dealt":2484,"minecraft:fly_one_cm":164345,"minecraft:open_chest":1,"minecraft:crouch_one_cm":441,"minecraft:play_time":69048,"minecraft:deaths":5,"minecraft:sneak_time":517,"minecraft:jump":1000,"minecraft:total_world_time":69048,"minecraft:fall_one_cm":23512},"minecraft:used":{"minecraft:cooked_mutton":5,"minecraft:stone_sword":137,"minecraft:wooden_pickaxe":13,"minecraft:blue_bed":1,"plushie_buddies:plushie_frog":1,"minecraft:dirt":56,"minecraft:crafting_table":3,"minecraft:red_bed":2,"minecraft:white_bed":1,"minecraft:oak_log":5,"minecraft:apple":2,"minecraft:stone_axe":206,"minecraft:beef":4,"minecraft:porkchop":3,"minecraft:furnace":2,"minecraft:cooked_porkchop":4,"minecraft:egg":1},"minecraft:crafted":{"minecraft:red_dye":1,"minecraft:oak_planks":701,"minecraft:cooked_porkchop":9,"minecraft:crafting_table":1,"minecraft:wooden_pickaxe":1,"minecraft:cooked_chicken":6,"minecraft:red_bed":1,"minecraft:blue_bed":1,"minecraft:furnace":1,"minecraft:stone_axe":2,"minecraft:cooked_mutton":6,"minecraft:blue_dye":1,"minecraft:stick":8,"minecraft:stone_pickaxe":1,"minecraft:stone_sword":1,"minecraft:white_bed":1}},"DataVersion":3465}