{"stats":{"minecraft:mined":{"gravestone:gravestone":2,"minecraft:grass":1,"minecraft:oak_log":12,"minecraft:dirt":2,"minecraft:stone":10,"minecraft:oak_leaves":3},"minecraft:picked_up":{"minecraft:oak_log":13,"minecraft:dirt":27,"minecraft:cobblestone":10},"minecraft:killed_by":{"man:managgresive":2,"minecraft:player":1},"minecraft:dropped":{"gravestone:obituary":3},"minecraft:used":{"minecraft:stone_axe":8,"minecraft:dirt":15,"minecraft:wooden_pickaxe":10},"minecraft:custom":{"minecraft:time_since_rest":4148,"minecraft:crouch_one_cm":441,"minecraft:interact_with_furnace":1,"minecraft:deaths":3,"minecraft:sprint_one_cm":9548,"minecraft:play_time":15048,"minecraft:damage_taken":894,"minecraft:walk_one_cm":11753,"minecraft:sneak_time":438,"minecraft:drop":3,"minecraft:jump":69,"minecraft:damage_dealt":38,"minecraft:leave_game":1,"minecraft:time_since_death":4092,"minecraft:total_world_time":15048,"minecraft:interact_with_crafting_table":5,"minecraft:fall_one_cm":1738,"minecraft:fly_one_cm":5813},"minecraft:crafted":{"minecraft:oak_planks":28,"minecraft:stone_axe":1,"minecraft:stick":8,"minecraft:stone_pickaxe":1,"minecraft:wooden_pickaxe":1}},"DataVersion":3465}