{"stats":{"minecraft:broken":{"minecraft:stone_sword":1,"minecraft:stone_axe":1},"minecraft:mined":{"minecraft:white_bed":2,"minecraft:red_bed":1,"minecraft:crafting_table":3,"minecraft:cornflower":2,"gravestone:gravestone":5,"plushie_buddies:plushie_frog":1,"minecraft:grass_block":6,"minecraft:poppy":1,"minecraft:pink_petals":1,"minecraft:furnace":2,"minecraft:fire":2,"minecraft:lilac":1,"minecraft:birch_leaves":2,"minecraft:grass":18,"minecraft:oak_log":179,"minecraft:dirt":16,"minecraft:stone":10,"minecraft:oak_leaves":35},"minecraft:picked_up":{"minecraft:pink_petals":6,"minecraft:crafting_table":3,"minecraft:feather":9,"minecraft:chicken":6,"minecraft:andesite":1,"minecraft:leather":4,"plushie_buddies:plushie_frog":1,"minecraft:oak_log":181,"minecraft:blue_bed":1,"minecraft:string":3,"minecraft:cornflower":1,"minecraft:dirt":64,"minecraft:red_bed":2,"minecraft:raw_copper":6,"minecraft:bone":2,"minecraft:apple":2,"minecraft:beef":4,"farmersdelight:straw":2,"minecraft:poppy":2,"minecraft:oak_planks":3,"minecraft:furnace":2,"minecraft:egg":1,"minecraft:stick":9,"minecraft:dandelion":2,"minecraft:porkchop":12,"minecraft:white_bed":2,"minecraft:rotten_flesh":3,"minecraft:oak_sapling":13,"minecraft:mutton":10,"minecraft:white_wool":7,"minecraft:cobblestone":22},"minecraft:killed":{"minecraft:pig":6,"minecraft:spider":1,"minecraft:sheep":7,"minecraft:skeleton":1,"minecraft:zombie":2,"minecraft:chicken":6,"minecraft:cow":2},"minecraft:killed_by":{"man:managgresive":3,"minecraft:player":1,"minecraft:creeper":1,"minecraft:spider":1},"minecraft:dropped":{"minecraft:stone_axe":1,"minecraft:raw_copper":6,"minecraft:feather":6,"minecraft:cobblestone":3,"minecraft:rotten_flesh":3,"minecraft:oak_planks":35,"farmersdelight:straw":2,"minecraft:light_weighted_pressure_plate":1,"minecraft:poppy":1,"minecraft:dirt":4,"plushie_buddies:plushie_frog":1,"minecraft:andesite":1,"minecraft:oak_sapling":12,"gravestone:obituary":6,"minecraft:string":3,"minecraft:pink_petals":6,"minecraft:dandelion":2,"minecraft:bone":10},"minecraft:custom":{"minecraft:interact_with_furnace":17,"minecraft:mob_kills":26,"minecraft:tune_noteblock":5,"minecraft:interact_with_crafting_table":16,"minecraft:leave_game":1,"minecraft:time_since_death":10925,"minecraft:sleep_in_bed":1,"minecraft:time_since_rest":11212,"minecraft:sprint_one_cm":246519,"minecraft:damage_taken":2774,"minecraft:walk_one_cm":119910,"minecraft:drop":31,"minecraft:damage_dealt":2803,"minecraft:play_noteblock":1,"minecraft:fly_one_cm":264858,"minecraft:open_chest":4,"minecraft:crouch_one_cm":441,"minecraft:play_time":81048,"minecraft:deaths":6,"minecraft:sneak_time":517,"minecraft:jump":1466,"minecraft:interact_with_brewingstand":1,"minecraft:total_world_time":81048,"minecraft:fall_one_cm":36692},"minecraft:used":{"minecraft:cooked_mutton":6,"minecraft:stone_sword":137,"farmersdelight:golden_knife":9,"minecraft:wooden_pickaxe":13,"minecraft:blue_bed":1,"plushie_buddies:plushie_frog":1,"minecraft:dirt":60,"minecraft:crafting_table":3,"minecraft:red_bed":2,"minecraft:white_bed":1,"minecraft:oak_log":5,"minecraft:apple":2,"minecraft:bread":1,"minecraft:stone_axe":221,"minecraft:beef":4,"minecraft:oak_sapling":1,"minecraft:porkchop":3,"minecraft:furnace":2,"minecraft:cooked_porkchop":8,"minecraft:egg":1},"minecraft:crafted":{"minecraft:red_dye":1,"minecraft:oak_planks":701,"minecraft:cooked_porkchop":9,"minecraft:crafting_table":1,"minecraft:wooden_pickaxe":1,"minecraft:cooked_chicken":6,"minecraft:red_bed":1,"minecraft:blue_bed":1,"minecraft:furnace":1,"minecraft:stone_axe":2,"minecraft:cooked_mutton":6,"minecraft:blue_dye":1,"minecraft:stick":8,"minecraft:stone_pickaxe":1,"minecraft:stone_sword":1,"minecraft:white_bed":1}},"DataVersion":3465}