{"stats":{"minecraft:mined":{"minecraft:grass":1,"gravestone:gravestone":1},"minecraft:picked_up":{"minecraft:dirt":23},"minecraft:killed_by":{"minecraft:player":1,"man:managgresive":1},"minecraft:dropped":{"gravestone:obituary":2},"minecraft:custom":{"minecraft:jump":31,"minecraft:time_since_rest":1369,"minecraft:leave_game":1,"minecraft:damage_dealt":10,"minecraft:sprint_one_cm":2389,"minecraft:deaths":2,"minecraft:play_time":5899,"minecraft:damage_taken":544,"minecraft:time_since_death":1317,"minecraft:walk_one_cm":5119,"minecraft:total_world_time":5899,"minecraft:fall_one_cm":476,"minecraft:drop":2,"minecraft:fly_one_cm":2578}},"DataVersion":3465}