{"stats":{"minecraft:broken":{"minecraft:stone_axe":1,"minecraft:stone_sword":1},"minecraft:mined":{"minecraft:furnace":1,"minecraft:birch_leaves":1,"plushie_buddies:plushie_frog":1,"minecraft:crafting_table":3,"gravestone:gravestone":4,"minecraft:grass":12,"minecraft:grass_block":5,"minecraft:oak_log":118,"minecraft:dirt":14,"minecraft:stone":10,"minecraft:oak_leaves":28},"minecraft:picked_up":{"minecraft:stick":7,"minecraft:crafting_table":3,"minecraft:feather":3,"minecraft:chicken":6,"minecraft:andesite":1,"minecraft:leather":4,"plushie_buddies:plushie_frog":1,"minecraft:porkchop":12,"minecraft:oak_log":120,"minecraft:dirt":56,"minecraft:raw_copper":3,"minecraft:bone":2,"minecraft:rotten_flesh":3,"minecraft:apple":2,"minecraft:beef":4,"minecraft:oak_sapling":6,"minecraft:mutton":6,"minecraft:egg":1,"minecraft:white_wool":4,"minecraft:cobblestone":22,"minecraft:furnace":1},"minecraft:killed":{"minecraft:sheep":4,"minecraft:skeleton":1,"minecraft:zombie":2,"minecraft:pig":6,"minecraft:chicken":6,"minecraft:cow":2},"minecraft:dropped":{"plushie_buddies:plushie_frog":1,"minecraft:andesite":1,"minecraft:rotten_flesh":3,"gravestone:obituary":5},"minecraft:killed_by":{"man:managgresive":3,"minecraft:player":1,"minecraft:creeper":1},"minecraft:used":{"minecraft:cooked_mutton":3,"minecraft:apple":2,"minecraft:stone_sword":137,"minecraft:wooden_pickaxe":12,"plushie_buddies:plushie_frog":1,"minecraft:stone_axe":132,"minecraft:dirt":54,"minecraft:beef":4,"minecraft:crafting_table":3,"minecraft:cooked_porkchop":4,"minecraft:furnace":2,"minecraft:porkchop":3},"minecraft:custom":{"minecraft:time_since_rest":34313,"minecraft:interact_with_furnace":11,"minecraft:sprint_one_cm":134141,"minecraft:damage_taken":2094,"minecraft:walk_one_cm":86944,"minecraft:mob_kills":21,"minecraft:drop":9,"minecraft:damage_dealt":2306,"minecraft:interact_with_crafting_table":10,"minecraft:fly_one_cm":84937,"minecraft:open_chest":1,"minecraft:crouch_one_cm":441,"minecraft:play_time":57048,"minecraft:deaths":5,"minecraft:sneak_time":517,"minecraft:jump":674,"minecraft:leave_game":1,"minecraft:time_since_death":34262,"minecraft:total_world_time":57048,"minecraft:fall_one_cm":13683},"minecraft:crafted":{"minecraft:oak_planks":448,"minecraft:cooked_porkchop":4,"minecraft:crafting_table":1,"minecraft:stick":8,"minecraft:wooden_pickaxe":1,"minecraft:stone_pickaxe":1,"minecraft:stone_sword":1,"minecraft:furnace":1,"minecraft:stone_axe":2,"minecraft:cooked_mutton":6}},"DataVersion":3465}