{"stats":{"minecraft:mined":{"minecraft:birch_leaves":1,"minecraft:crafting_table":1,"gravestone:gravestone":4,"minecraft:grass":5,"minecraft:oak_log":82,"minecraft:dirt":7,"minecraft:stone":10,"minecraft:oak_leaves":18},"minecraft:picked_up":{"minecraft:stick":3,"minecraft:crafting_table":1,"minecraft:andesite":1,"minecraft:porkchop":3,"minecraft:oak_log":85,"minecraft:dirt":47,"minecraft:bone":2,"minecraft:apple":1,"minecraft:oak_sapling":5,"minecraft:cobblestone":11},"minecraft:killed":{"minecraft:skeleton":1,"minecraft:zombie":1,"minecraft:pig":1},"minecraft:dropped":{"gravestone:obituary":3},"minecraft:killed_by":{"man:managgresive":3,"minecraft:player":1,"minecraft:creeper":1},"minecraft:used":{"minecraft:apple":1,"minecraft:stone_sword":41,"minecraft:wooden_pickaxe":10,"minecraft:stone_axe":95,"minecraft:dirt":22,"minecraft:crafting_table":1,"minecraft:porkchop":3},"minecraft:custom":{"minecraft:time_since_rest":4313,"minecraft:interact_with_furnace":1,"minecraft:sprint_one_cm":56456,"minecraft:damage_taken":1674,"minecraft:walk_one_cm":34240,"minecraft:mob_kills":3,"minecraft:drop":3,"minecraft:damage_dealt":534,"minecraft:interact_with_crafting_table":6,"minecraft:fly_one_cm":29477,"minecraft:crouch_one_cm":441,"minecraft:play_time":27048,"minecraft:deaths":5,"minecraft:sneak_time":450,"minecraft:jump":240,"minecraft:leave_game":1,"minecraft:time_since_death":4262,"minecraft:total_world_time":27048,"minecraft:fall_one_cm":5641},"minecraft:crafted":{"minecraft:oak_planks":340,"minecraft:crafting_table":1,"minecraft:stick":8,"minecraft:wooden_pickaxe":1,"minecraft:stone_pickaxe":1,"minecraft:stone_sword":1,"minecraft:stone_axe":2}},"DataVersion":3465}