{"stats":{"minecraft:mined":{"minecraft:furnace":1,"minecraft:birch_leaves":1,"minecraft:crafting_table":2,"gravestone:gravestone":4,"minecraft:grass":9,"minecraft:grass_block":2,"minecraft:oak_log":92,"minecraft:dirt":7,"minecraft:stone":10,"minecraft:oak_leaves":21},"minecraft:picked_up":{"minecraft:stick":5,"minecraft:crafting_table":2,"minecraft:andesite":1,"minecraft:leather":4,"minecraft:porkchop":7,"minecraft:oak_log":95,"minecraft:dirt":48,"minecraft:raw_copper":3,"minecraft:bone":2,"minecraft:rotten_flesh":2,"minecraft:apple":2,"minecraft:beef":4,"minecraft:oak_sapling":6,"minecraft:cobblestone":22,"minecraft:furnace":1},"minecraft:killed":{"minecraft:skeleton":1,"minecraft:zombie":2,"minecraft:pig":4,"minecraft:cow":2},"minecraft:dropped":{"minecraft:andesite":1,"minecraft:rotten_flesh":2,"gravestone:obituary":5},"minecraft:killed_by":{"man:managgresive":3,"minecraft:player":1,"minecraft:creeper":1},"minecraft:used":{"minecraft:apple":2,"minecraft:stone_sword":89,"minecraft:wooden_pickaxe":12,"minecraft:stone_axe":107,"minecraft:dirt":35,"minecraft:beef":4,"minecraft:crafting_table":2,"minecraft:furnace":1,"minecraft:porkchop":3},"minecraft:custom":{"minecraft:time_since_rest":22313,"minecraft:interact_with_furnace":5,"minecraft:sprint_one_cm":103064,"minecraft:damage_taken":1744,"minecraft:walk_one_cm":66025,"minecraft:mob_kills":9,"minecraft:drop":7,"minecraft:damage_dealt":1333,"minecraft:interact_with_crafting_table":9,"minecraft:fly_one_cm":55466,"minecraft:open_chest":1,"minecraft:crouch_one_cm":441,"minecraft:play_time":45048,"minecraft:deaths":5,"minecraft:sneak_time":486,"minecraft:jump":441,"minecraft:leave_game":1,"minecraft:time_since_death":22262,"minecraft:total_world_time":45048,"minecraft:fall_one_cm":7973},"minecraft:crafted":{"minecraft:oak_planks":380,"minecraft:cooked_porkchop":4,"minecraft:crafting_table":1,"minecraft:stick":8,"minecraft:wooden_pickaxe":1,"minecraft:stone_pickaxe":1,"minecraft:stone_sword":1,"minecraft:furnace":1,"minecraft:stone_axe":2}},"DataVersion":3465}