{"stats":{"minecraft:mined":{"minecraft:oak_log":5,"minecraft:oak_leaves":1,"gravestone:gravestone":2},"minecraft:picked_up":{"minecraft:oak_log":7,"minecraft:oak_sapling":1},"minecraft:killed_by":{"man:managgresive":1},"minecraft:custom":{"minecraft:jump":32,"minecraft:time_since_rest":11633,"minecraft:damage_dealt":357,"minecraft:sprint_one_cm":2734,"minecraft:deaths":1,"minecraft:damage_taken":300,"minecraft:play_time":17617,"minecraft:time_since_death":11509,"minecraft:walk_one_cm":5612,"minecraft:sneak_time":29,"minecraft:total_world_time":17617,"minecraft:fall_one_cm":627,"minecraft:fly_one_cm":8359,"minecraft:player_kills":1}},"DataVersion":3465}