{"stats":{"minecraft:mined":{"minecraft:magma_block":2,"minecraft:furnace":1,"minecraft:andesite":13,"minecraft:crafting_table":2,"gravestone:gravestone":6,"minecraft:granite":5,"minecraft:grass":16,"minecraft:coal_ore":37,"minecraft:grass_block":12,"minecraft:oak_log":42,"minecraft:chest":1,"minecraft:dirt":23,"minecraft:cobblestone":7,"minecraft:stone":32,"minecraft:oxeye_daisy":1,"minecraft:netherrack":2,"minecraft:oak_planks":1,"minecraft:oak_leaves":18},"minecraft:picked_up":{"minecraft:chicken":1,"minecraft:magma_block":2,"minecraft:stick":4,"minecraft:crafting_table":2,"minecraft:feather":2,"minecraft:andesite":13,"minecraft:porkchop":1,"minecraft:oak_log":42,"minecraft:dirt":41,"minecraft:apple":1,"minecraft:wheat_seeds":5,"minecraft:granite":5,"minecraft:oxeye_daisy":1,"minecraft:iron_nugget":22,"minecraft:mutton":2,"minecraft:oak_sapling":10,"minecraft:netherrack":2,"minecraft:chest":1,"minecraft:obsidian":3,"minecraft:oak_planks":1,"minecraft:coal":38,"minecraft:white_wool":2,"minecraft:egg":1,"minecraft:cobblestone":40,"minecraft:furnace":2},"minecraft:killed":{"minecraft:sheep":2,"minecraft:pig":1,"minecraft:chicken":1},"minecraft:killed_by":{"man:managgresive":2,"minecraft:witch":2},"minecraft:dropped":{"minecraft:furnace":1,"minecraft:dirt":1,"minecraft:cobblestone":7},"minecraft:used":{"farmersdelight:bacon_and_eggs":1,"minecraft:apple":1,"minecraft:stone_pickaxe":91,"minecraft:oak_planks":1,"minecraft:shield":4,"minecraft:wooden_pickaxe":22,"minecraft:stone_axe":72,"minecraft:torch":19,"minecraft:dirt":19,"minecraft:cobblestone":9,"minecraft:crafting_table":2,"minecraft:furnace":1},"minecraft:custom":{"minecraft:time_since_rest":18938,"minecraft:sprint_one_cm":41401,"minecraft:interact_with_furnace":3,"minecraft:damage_taken":1406,"minecraft:walk_one_cm":115572,"minecraft:damage_blocked_by_shield":90,"minecraft:mob_kills":5,"minecraft:drop":9,"minecraft:damage_dealt":1249,"minecraft:interact_with_crafting_table":5,"minecraft:fly_one_cm":45391,"minecraft:player_kills":2,"minecraft:open_chest":1,"minecraft:play_time":59617,"minecraft:deaths":4,"minecraft:sneak_time":45,"minecraft:walk_under_water_one_cm":135,"minecraft:jump":447,"minecraft:walk_on_water_one_cm":454,"minecraft:time_since_death":18907,"minecraft:total_world_time":59617,"minecraft:fall_one_cm":6858},"minecraft:crafted":{"minecraft:oak_planks":36,"minecraft:charcoal":5,"minecraft:shield":1,"minecraft:crafting_table":1,"minecraft:stick":12,"minecraft:iron_ingot":2,"minecraft:wooden_pickaxe":1,"minecraft:stone_pickaxe":1,"minecraft:furnace":1,"minecraft:torch":20,"minecraft:stone_axe":1}},"DataVersion":3465}