{"stats":{"minecraft:mined":{"minecraft:furnace":1,"minecraft:andesite":13,"gravestone:gravestone":3,"minecraft:grass":1,"minecraft:coal_ore":37,"minecraft:grass_block":11,"minecraft:oak_log":34,"minecraft:dirt":21,"minecraft:stone":28,"minecraft:oak_leaves":8},"minecraft:picked_up":{"minecraft:stick":2,"minecraft:andesite":13,"minecraft:oak_log":34,"minecraft:dirt":31,"minecraft:apple":1,"minecraft:oak_sapling":2,"minecraft:coal":37,"minecraft:cobblestone":28,"minecraft:furnace":1},"minecraft:used":{"minecraft:stone_pickaxe":70,"minecraft:wooden_pickaxe":22,"minecraft:stone_axe":27,"minecraft:torch":1,"minecraft:dirt":18,"minecraft:crafting_table":1,"minecraft:furnace":1},"minecraft:killed_by":{"man:managgresive":1},"minecraft:dropped":{"minecraft:dirt":1},"minecraft:custom":{"minecraft:time_since_rest":23633,"minecraft:sprint_one_cm":5442,"minecraft:interact_with_furnace":3,"minecraft:damage_taken":310,"minecraft:walk_one_cm":25979,"minecraft:mob_kills":1,"minecraft:drop":1,"minecraft:damage_dealt":605,"minecraft:interact_with_crafting_table":3,"minecraft:fly_one_cm":11042,"minecraft:player_kills":2,"minecraft:play_time":29617,"minecraft:deaths":1,"minecraft:sneak_time":45,"minecraft:jump":90,"minecraft:time_since_death":23509,"minecraft:total_world_time":29617,"minecraft:fall_one_cm":1254},"minecraft:crafted":{"minecraft:oak_planks":36,"minecraft:charcoal":5,"minecraft:crafting_table":1,"minecraft:stick":12,"minecraft:wooden_pickaxe":1,"minecraft:stone_pickaxe":1,"minecraft:furnace":1,"minecraft:torch":20,"minecraft:stone_axe":1}},"DataVersion":3465}