{"stats":{"minecraft:broken":{"minecraft:stone_axe":1},"minecraft:mined":{"minecraft:dandelion":3,"minecraft:crafting_table":2,"gravestone:gravestone":7,"minecraft:granite":5,"plushie_buddies:plushie_frog":1,"minecraft:grass_block":60,"minecraft:chest":1,"minecraft:tall_grass":15,"minecraft:cobblestone":10,"minecraft:oak_planks":2,"minecraft:oxeye_daisy":1,"minecraft:wall_torch":1,"minecraft:magma_block":2,"minecraft:furnace":2,"minecraft:birch_leaves":1,"minecraft:andesite":13,"minecraft:grass":117,"minecraft:oak_log":92,"minecraft:coal_ore":37,"minecraft:dirt_path":1,"minecraft:dirt":29,"minecraft:stone":32,"minecraft:netherrack":2,"minecraft:oak_leaves":30},"minecraft:picked_up":{"minecraft:crafting_table":2,"minecraft:magma_block":2,"minecraft:feather":2,"minecraft:chicken":1,"plushie_buddies:plushie_axolotl":1,"minecraft:andesite":13,"plushie_buddies:plushie_frog":2,"gravestone:obituary":1,"minecraft:oak_log":92,"minecraft:dirt":110,"minecraft:apple":1,"minecraft:wheat_seeds":15,"minecraft:iron_nugget":22,"minecraft:poppy":1,"minecraft:chest":1,"minecraft:oak_planks":2,"minecraft:furnace":3,"minecraft:egg":1,"minecraft:stick":9,"minecraft:torch":2,"minecraft:dandelion":10,"minecraft:porkchop":1,"minecraft:granite":5,"minecraft:oak_sapling":14,"minecraft:obsidian":3,"minecraft:netherrack":2,"minecraft:mutton":3,"minecraft:coal":38,"minecraft:white_wool":3,"minecraft:cobblestone":43,"minecraft:oxeye_daisy":1},"minecraft:killed":{"minecraft:pig":1,"minecraft:sheep":3,"minecraft:chicken":1},"minecraft:used":{"minecraft:stone_shovel":82,"minecraft:stone_pickaxe":97,"minecraft:oak_planks":72,"minecraft:wooden_pickaxe":22,"minecraft:shield":6,"plushie_buddies:plushie_frog":1,"minecraft:torch":21,"minecraft:dirt":84,"minecraft:crafting_table":3,"minecraft:white_bed":1,"minecraft:oak_log":43,"farmersdelight:bacon_and_eggs":3,"minecraft:apple":1,"minecraft:stone_axe":136,"minecraft:cobblestone":12,"minecraft:furnace":2},"minecraft:killed_by":{"man:managgresive":2,"minecraft:creeper":1,"minecraft:witch":2},"minecraft:dropped":{"minecraft:furnace":1,"plushie_buddies:plushie_axolotl":1,"minecraft:cobblestone":7,"minecraft:dirt":3,"gravestone:obituary":3},"minecraft:custom":{"minecraft:interact_with_furnace":7,"minecraft:mob_kills":6,"minecraft:interact_with_crafting_table":7,"minecraft:time_since_death":1418,"minecraft:time_since_rest":1458,"minecraft:sprint_one_cm":64492,"minecraft:damage_taken":1776,"minecraft:walk_one_cm":170580,"minecraft:damage_blocked_by_shield":170,"minecraft:drop":14,"minecraft:damage_dealt":1376,"minecraft:fly_one_cm":79290,"minecraft:player_kills":2,"minecraft:open_chest":1,"minecraft:play_time":83617,"minecraft:deaths":5,"minecraft:sneak_time":45,"minecraft:walk_under_water_one_cm":135,"minecraft:jump":689,"minecraft:walk_on_water_one_cm":454,"minecraft:total_world_time":83617,"minecraft:fall_one_cm":13280},"minecraft:crafted":{"minecraft:oak_planks":92,"minecraft:stone_shovel":1,"minecraft:cooked_porkchop":1,"minecraft:crafting_table":1,"minecraft:wooden_pickaxe":1,"minecraft:furnace":1,"minecraft:stone_axe":1,"minecraft:charcoal":5,"minecraft:shield":1,"minecraft:stick":12,"minecraft:iron_ingot":2,"minecraft:stone_pickaxe":1,"minecraft:white_bed":1,"minecraft:torch":20}},"DataVersion":3465}