{"stats":{"minecraft:broken":{"minecraft:stone_pickaxe":1,"minecraft:stone_axe":1},"minecraft:mined":{"minecraft:dandelion":3,"minecraft:crafting_table":3,"gravestone:gravestone":9,"minecraft:granite":5,"plushie_buddies:plushie_frog":1,"minecraft:grass_block":65,"minecraft:chest":1,"minecraft:tall_grass":15,"minecraft:cobblestone":10,"minecraft:oak_planks":2,"minecraft:oxeye_daisy":1,"minecraft:wall_torch":1,"minecraft:magma_block":2,"minecraft:furnace":2,"minecraft:birch_leaves":1,"minecraft:andesite":13,"minecraft:grass":120,"minecraft:oak_log":97,"minecraft:coal_ore":37,"minecraft:dirt_path":1,"minecraft:dirt":37,"minecraft:stone":32,"minecraft:netherrack":2,"minecraft:oak_leaves":30},"minecraft:picked_up":{"minecraft:crafting_table":3,"minecraft:magma_block":2,"minecraft:feather":4,"minecraft:chicken":2,"plushie_buddies:plushie_axolotl":1,"minecraft:andesite":26,"plushie_buddies:plushie_frog":2,"gravestone:obituary":4,"minecraft:oak_log":98,"minecraft:dirt":142,"minecraft:bone":1,"minecraft:apple":1,"minecraft:bow":1,"minecraft:wheat_seeds":17,"minecraft:iron_nugget":22,"minecraft:poppy":2,"minecraft:chest":1,"minecraft:oak_planks":2,"minecraft:furnace":3,"minecraft:egg":1,"minecraft:stick":9,"minecraft:torch":2,"minecraft:dandelion":22,"minecraft:porkchop":1,"minecraft:arrow":1,"minecraft:rotten_flesh":4,"minecraft:granite":10,"minecraft:oak_sapling":14,"minecraft:obsidian":3,"minecraft:netherrack":4,"minecraft:mutton":6,"minecraft:coal":38,"minecraft:white_wool":5,"minecraft:cobblestone":43,"minecraft:oxeye_daisy":4},"minecraft:killed":{"minecraft:pig":1,"minecraft:creeper":1,"minecraft:sheep":3,"minecraft:skeleton":1,"minecraft:zombie":1,"minecraft:chicken":1},"minecraft:used":{"minecraft:stone_shovel":91,"minecraft:stone_pickaxe":115,"minecraft:oak_planks":86,"minecraft:wooden_pickaxe":22,"minecraft:shield":18,"plushie_buddies:plushie_frog":1,"minecraft:oak_door":2,"minecraft:torch":21,"minecraft:dirt":132,"minecraft:crafting_table":4,"minecraft:white_bed":1,"minecraft:oak_log":52,"farmersdelight:bacon_and_eggs":3,"minecraft:apple":1,"minecraft:stone_axe":150,"minecraft:cobblestone":12,"minecraft:furnace":2},"minecraft:killed_by":{"man:managgresive":2,"minecraft:creeper":1,"minecraft:spider":2,"minecraft:witch":2},"minecraft:dropped":{"minecraft:furnace":1,"plushie_buddies:plushie_axolotl":1,"minecraft:feather":2,"minecraft:cobblestone":7,"minecraft:rotten_flesh":2,"minecraft:granite":5,"minecraft:oxeye_daisy":2,"minecraft:poppy":1,"minecraft:dirt":3,"minecraft:andesite":13,"gravestone:obituary":5,"minecraft:netherrack":2,"minecraft:dandelion":11},"minecraft:custom":{"minecraft:interact_with_furnace":7,"minecraft:mob_kills":11,"minecraft:interact_with_crafting_table":9,"minecraft:time_since_death":9068,"minecraft:sleep_in_bed":1,"minecraft:time_since_rest":9191,"minecraft:sprint_one_cm":77129,"minecraft:damage_taken":2226,"minecraft:walk_one_cm":198208,"minecraft:damage_blocked_by_shield":530,"minecraft:drop":24,"minecraft:damage_dealt":2010,"minecraft:fly_one_cm":107532,"minecraft:player_kills":2,"minecraft:open_chest":1,"minecraft:play_time":95617,"minecraft:deaths":7,"minecraft:sneak_time":45,"minecraft:walk_under_water_one_cm":135,"minecraft:jump":840,"minecraft:walk_on_water_one_cm":454,"minecraft:total_world_time":95617,"minecraft:fall_one_cm":15904},"minecraft:crafted":{"minecraft:oak_door":3,"minecraft:oak_planks":128,"minecraft:stone_shovel":1,"minecraft:cooked_porkchop":1,"minecraft:crafting_table":1,"minecraft:wooden_pickaxe":1,"minecraft:furnace":1,"minecraft:stone_axe":2,"minecraft:charcoal":5,"minecraft:shield":1,"minecraft:stick":12,"minecraft:iron_ingot":2,"minecraft:stone_pickaxe":1,"minecraft:white_bed":1,"minecraft:torch":20}},"DataVersion":3465}