{"stats":{"minecraft:mined":{"minecraft:furnace":1,"minecraft:andesite":13,"minecraft:crafting_table":1,"gravestone:gravestone":6,"minecraft:grass":2,"minecraft:coal_ore":37,"minecraft:grass_block":12,"minecraft:oak_log":37,"minecraft:dirt":23,"minecraft:cobblestone":7,"minecraft:stone":28,"minecraft:oak_leaves":17},"minecraft:picked_up":{"minecraft:stick":4,"minecraft:crafting_table":1,"minecraft:andesite":13,"minecraft:oak_log":37,"minecraft:dirt":40,"minecraft:apple":1,"minecraft:wheat_seeds":1,"minecraft:oak_sapling":10,"minecraft:coal":37,"minecraft:cobblestone":38,"minecraft:furnace":1},"minecraft:used":{"minecraft:apple":1,"minecraft:stone_pickaxe":77,"minecraft:wooden_pickaxe":22,"minecraft:stone_axe":40,"minecraft:torch":1,"minecraft:dirt":19,"minecraft:cobblestone":9,"minecraft:crafting_table":1,"minecraft:furnace":1},"minecraft:killed_by":{"man:managgresive":2,"minecraft:witch":2},"minecraft:dropped":{"minecraft:dirt":1},"minecraft:custom":{"minecraft:time_since_rest":938,"minecraft:sprint_one_cm":19781,"minecraft:interact_with_furnace":3,"minecraft:damage_taken":1180,"minecraft:walk_one_cm":57151,"minecraft:mob_kills":1,"minecraft:drop":1,"minecraft:damage_dealt":695,"minecraft:interact_with_crafting_table":3,"minecraft:fly_one_cm":25876,"minecraft:player_kills":2,"minecraft:play_time":41617,"minecraft:deaths":4,"minecraft:sneak_time":45,"minecraft:jump":284,"minecraft:time_since_death":907,"minecraft:total_world_time":41617,"minecraft:fall_one_cm":4021},"minecraft:crafted":{"minecraft:oak_planks":36,"minecraft:charcoal":5,"minecraft:crafting_table":1,"minecraft:stick":12,"minecraft:wooden_pickaxe":1,"minecraft:stone_pickaxe":1,"minecraft:furnace":1,"minecraft:torch":20,"minecraft:stone_axe":1}},"DataVersion":3465}