{"stats":{"minecraft:mined":{"minecraft:dandelion":2,"minecraft:crafting_table":2,"gravestone:gravestone":6,"minecraft:granite":5,"plushie_buddies:plushie_frog":1,"minecraft:grass_block":60,"minecraft:chest":1,"minecraft:tall_grass":14,"minecraft:cobblestone":10,"minecraft:oak_planks":1,"minecraft:oxeye_daisy":1,"minecraft:wall_torch":1,"minecraft:magma_block":2,"minecraft:furnace":2,"minecraft:andesite":13,"minecraft:grass":103,"minecraft:oak_log":49,"minecraft:coal_ore":37,"minecraft:dirt_path":1,"minecraft:dirt":26,"minecraft:stone":32,"minecraft:netherrack":2,"minecraft:oak_leaves":23},"minecraft:picked_up":{"minecraft:crafting_table":2,"minecraft:magma_block":2,"minecraft:feather":2,"minecraft:chicken":1,"plushie_buddies:plushie_axolotl":1,"minecraft:andesite":13,"plushie_buddies:plushie_frog":2,"gravestone:obituary":1,"minecraft:oak_log":49,"minecraft:dirt":107,"minecraft:apple":1,"minecraft:wheat_seeds":12,"minecraft:iron_nugget":22,"minecraft:poppy":1,"minecraft:chest":1,"minecraft:oak_planks":1,"minecraft:furnace":3,"minecraft:egg":1,"minecraft:stick":4,"minecraft:torch":2,"minecraft:dandelion":8,"minecraft:porkchop":1,"minecraft:granite":5,"minecraft:oak_sapling":10,"minecraft:obsidian":3,"minecraft:netherrack":2,"minecraft:mutton":3,"minecraft:coal":38,"minecraft:white_wool":3,"minecraft:cobblestone":43,"minecraft:oxeye_daisy":1},"minecraft:killed":{"minecraft:pig":1,"minecraft:sheep":3,"minecraft:chicken":1},"minecraft:used":{"minecraft:stone_shovel":80,"minecraft:stone_pickaxe":97,"minecraft:oak_planks":1,"minecraft:wooden_pickaxe":22,"minecraft:shield":4,"plushie_buddies:plushie_frog":1,"minecraft:torch":21,"minecraft:dirt":33,"minecraft:crafting_table":3,"minecraft:white_bed":1,"minecraft:oak_log":18,"farmersdelight:bacon_and_eggs":3,"minecraft:apple":1,"minecraft:stone_axe":85,"minecraft:cobblestone":12,"minecraft:furnace":2},"minecraft:killed_by":{"man:managgresive":2,"minecraft:witch":2},"minecraft:dropped":{"minecraft:furnace":1,"plushie_buddies:plushie_axolotl":1,"minecraft:cobblestone":7,"minecraft:dirt":3,"gravestone:obituary":3},"minecraft:custom":{"minecraft:interact_with_furnace":7,"minecraft:mob_kills":6,"minecraft:interact_with_crafting_table":7,"minecraft:time_since_death":30907,"minecraft:time_since_rest":30938,"minecraft:sprint_one_cm":52202,"minecraft:damage_taken":1516,"minecraft:walk_one_cm":144154,"minecraft:damage_blocked_by_shield":90,"minecraft:drop":14,"minecraft:damage_dealt":1329,"minecraft:fly_one_cm":52055,"minecraft:player_kills":2,"minecraft:open_chest":1,"minecraft:play_time":71617,"minecraft:deaths":4,"minecraft:sneak_time":45,"minecraft:walk_under_water_one_cm":135,"minecraft:jump":536,"minecraft:walk_on_water_one_cm":454,"minecraft:total_world_time":71617,"minecraft:fall_one_cm":9258},"minecraft:crafted":{"minecraft:oak_planks":36,"minecraft:stone_shovel":1,"minecraft:cooked_porkchop":1,"minecraft:crafting_table":1,"minecraft:wooden_pickaxe":1,"minecraft:furnace":1,"minecraft:stone_axe":1,"minecraft:charcoal":5,"minecraft:shield":1,"minecraft:stick":12,"minecraft:iron_ingot":2,"minecraft:stone_pickaxe":1,"minecraft:white_bed":1,"minecraft:torch":20}},"DataVersion":3465}