{"stats":{"minecraft:mined":{"minecraft:grass_block":1,"minecraft:oak_log":22,"minecraft:dirt":2,"minecraft:oak_leaves":5},"minecraft:picked_up":{"minecraft:oak_log":22,"gravestone:obituary":1,"minecraft:oak_sapling":4,"minecraft:dirt":3},"minecraft:killed_by":{"minecraft:player":1},"minecraft:used":{"minecraft:dirt":1,"minecraft:oak_sapling":2},"minecraft:dropped":{"gravestone:obituary":1},"minecraft:custom":{"minecraft:time_since_rest":11201,"minecraft:walk_one_cm":4013,"minecraft:play_time":12688,"minecraft:sprint_one_cm":5806,"minecraft:damage_taken":281,"minecraft:deaths":1,"minecraft:sneak_time":43,"minecraft:drop":1,"minecraft:jump":41,"minecraft:time_since_death":10792,"minecraft:total_world_time":12688,"minecraft:fall_one_cm":1242,"minecraft:fly_one_cm":12062},"minecraft:crafted":{"minecraft:oak_planks":20,"minecraft:crafting_table":1,"minecraft:stick":12}},"DataVersion":3465}