{"stats":{"minecraft:mined":{"minecraft:andesite":1,"minecraft:crafting_table":1,"minecraft:granite":6,"minecraft:grass":1,"minecraft:grass_block":2,"minecraft:oak_log":23,"minecraft:dirt":6,"minecraft:stone":49,"minecraft:oak_leaves":5},"minecraft:picked_up":{"minecraft:crafting_table":1,"minecraft:andesite":1,"minecraft:oak_log":23,"gravestone:obituary":1,"minecraft:string":1,"minecraft:dirt":8,"minecraft:granite":6,"minecraft:oak_sapling":6,"minecraft:cobblestone":39},"minecraft:killed":{"minecraft:spider":1},"minecraft:dropped":{"gravestone:obituary":1},"minecraft:killed_by":{"minecraft:player":1},"minecraft:used":{"minecraft:stone_pickaxe":46,"minecraft:wooden_pickaxe":11,"minecraft:stone_axe":6,"minecraft:dirt":3,"minecraft:crafting_table":2,"minecraft:furnace":1,"minecraft:oak_sapling":2,"minecraft:andesite":1,"minecraft:granite":5},"minecraft:custom":{"minecraft:time_since_rest":23201,"minecraft:interact_with_furnace":3,"minecraft:sprint_one_cm":10584,"minecraft:damage_taken":371,"minecraft:walk_one_cm":11733,"minecraft:mob_kills":1,"minecraft:drop":1,"minecraft:damage_dealt":160,"minecraft:interact_with_crafting_table":8,"minecraft:fly_one_cm":14832,"minecraft:crouch_one_cm":359,"minecraft:play_time":24688,"minecraft:deaths":1,"minecraft:sneak_time":721,"minecraft:jump":66,"minecraft:time_since_death":22792,"minecraft:total_world_time":24688,"minecraft:fall_one_cm":1786},"minecraft:crafted":{"minecraft:oak_planks":20,"minecraft:charcoal":6,"minecraft:crafting_table":1,"minecraft:stick":12,"minecraft:wooden_pickaxe":1,"minecraft:stone_pickaxe":1,"minecraft:furnace":1,"minecraft:stone_axe":1,"minecraft:air":0}},"DataVersion":3465}