{"stats":{"minecraft:mined":{"minecraft:furnace":2,"minecraft:iron_ore":4,"minecraft:andesite":1,"minecraft:crafting_table":2,"minecraft:granite":6,"minecraft:coal_ore":10,"minecraft:grass":3,"minecraft:grass_block":6,"minecraft:oak_log":23,"minecraft:dirt":21,"minecraft:tall_grass":2,"minecraft:cobblestone":1,"minecraft:stone":96,"minecraft:oak_leaves":12,"minecraft:tripwire":1},"minecraft:picked_up":{"minecraft:raw_iron":4,"minecraft:crafting_table":2,"minecraft:feather":1,"minecraft:chicken":1,"minecraft:andesite":1,"minecraft:porkchop":8,"minecraft:oak_log":35,"gravestone:obituary":1,"minecraft:string":4,"minecraft:dirt":27,"minecraft:rotten_flesh":3,"minecraft:granite":6,"minecraft:oak_sapling":6,"minecraft:mutton":4,"minecraft:coal":9,"minecraft:egg":2,"minecraft:white_wool":3,"minecraft:cobblestone":87,"minecraft:furnace":2},"minecraft:killed":{"minecraft:sheep":4,"minecraft:pig":4,"minecraft:zombie":3,"minecraft:chicken":1,"minecraft:spider":2},"minecraft:dropped":{"gravestone:obituary":1},"minecraft:killed_by":{"minecraft:player":1},"minecraft:used":{"minecraft:stone_pickaxe":111,"minecraft:string":1,"minecraft:wooden_pickaxe":11,"minecraft:torch":1,"minecraft:rotten_flesh":3,"minecraft:stone_axe":30,"minecraft:dirt":21,"minecraft:cobblestone":5,"minecraft:crafting_table":2,"minecraft:furnace":3,"minecraft:oak_sapling":2,"minecraft:andesite":1,"minecraft:granite":6},"minecraft:custom":{"minecraft:time_since_rest":41201,"minecraft:interact_with_furnace":6,"minecraft:sprint_one_cm":36246,"minecraft:damage_taken":481,"minecraft:walk_one_cm":29359,"minecraft:mob_kills":14,"minecraft:drop":1,"minecraft:damage_dealt":1641,"minecraft:swim_one_cm":32186,"minecraft:interact_with_crafting_table":8,"minecraft:fly_one_cm":43831,"minecraft:crouch_one_cm":2584,"minecraft:play_time":42688,"minecraft:deaths":1,"minecraft:sneak_time":2001,"minecraft:walk_under_water_one_cm":7621,"minecraft:jump":250,"minecraft:walk_on_water_one_cm":7771,"minecraft:time_since_death":40792,"minecraft:total_world_time":42688,"minecraft:fall_one_cm":5152},"minecraft:crafted":{"minecraft:oak_planks":20,"minecraft:charcoal":6,"minecraft:crafting_table":1,"minecraft:stick":12,"minecraft:iron_ingot":2,"minecraft:wooden_pickaxe":1,"minecraft:stone_pickaxe":1,"minecraft:furnace":1,"minecraft:torch":24,"minecraft:stone_axe":1,"minecraft:air":0}},"DataVersion":3465}